Time,Joint1,Joint2,Joint3,Joint4,Joint5,Joint6
0.0,-0.199781,-0.435773,1.618336,2.014967,0.0,0.0
0.1,-0.166012,-0.439145,1.62372,2.012359,0.0,0.0
0.2,-0.133237,-0.444225,1.635224,2.00716,0.0,0.0
0.3,-0.101652,-0.450921,1.65269,1.999538,0.0,0.0
0.4,-0.071475,-0.459082,1.675858,1.989636,0.0,0.0
0.5,-0.042942,-0.46851,1.704414,1.97767,0.0,0.0
0.6,-0.01632,-0.478963,1.737996,1.963887,0.0,0.0
0.7,0.008096,-0.490162,1.776196,1.948551,0.0,0.0
0.8,0.029969,-0.501788,1.818563,1.931899,0.0,0.0
0.9,0.048919,-0.513495,1.864637,1.914225,0.0,0.0
1.0,0.064511,-0.524906,1.913931,1.895781,0.0,0.0
1.1,0.076251,-0.535616,1.965935,1.87681,0.0,0.0
1.2,0.083581,-0.545196,2.020122,1.857543,0.0,0.0
1.3,0.085871,-0.553198,2.07594,1.838197,0.0,0.0
1.4,0.082422,-0.559164,2.132804,1.818987,0.0,0.0
1.5,0.07248,-0.562646,2.190081,1.800123,0.0,0.0
1.6,0.05526,-0.563235,2.247074,1.781826,0.0,0.0
1.7,0.030004,-0.560618,2.302993,1.764316,0.0,0.0
1.8,-0.003927,-0.554661,2.356927,1.747836,0.0,0.0
1.9,-0.046906,-0.545526,2.407816,1.73265,0.0,0.0
2.0,-0.098845,-0.533823,2.454421,1.719046,0.0,0.0
2.1,-0.158956,-0.52075,2.495327,1.707335,0.0,0.0
2.2,-0.225549,-0.508137,2.528989,1.697838,0.0,0.0
2.3,-0.295965,-0.498281,2.553854,1.690865,0.0,0.0
2.4,-0.366772,-0.493466,2.568584,1.686676,0.0,0.0
2.5,-0.434241,-0.495264,2.572327,1.685433,0.0,0.0
2.6,-0.495002,-0.503931,2.564931,1.687168,0.0,0.0
2.7,-0.5466,-0.518285,2.546996,1.691768,0.0,0.0
2.8,-0.587741,-0.536159,2.519724,1.698997,0.0,0.0
2.9,-0.618206,-0.555124,2.484655,1.708543,0.0,0.0
3.0,-0.638554,-0.573096,2.44341,1.720055,0.0,0.0
3.1,-0.649788,-0.588627,2.397518,1.733184,0.0,0.0
3.2,-0.653085,-0.600922,2.348333,1.747604,0.0,0.0
3.3,-0.649623,-0.609708,2.297018,1.763018,0.0,0.0
3.4,-0.640485,-0.615078,2.244562,1.779156,0.0,0.0
3.5,-0.626626,-0.617339,2.191808,1.795771,0.0,0.0
3.6,-0.608864,-0.616919,2.139477,1.812615,0.0,0.0
3.7,-0.587895,-0.614294,2.088217,1.829489,0.0,0.0
3.8,-0.564302,-0.609949,2.038602,1.846183,0.0,0.0
3.9,-0.538579,-0.604356,1.991155,1.862491,0.0,0.0
4.0,-0.511145,-0.597958,1.946359,1.878204,0.0,0.0
4.1,-0.48236,-0.591169,1.904671,1.893142,0.0,0.0
4.2,-0.452532,-0.584365,1.866499,1.90707,0.0,0.0
4.3,-0.421935,-0.577885,1.832228,1.919781,0.0,0.0
4.4,-0.390812,-0.572032,1.802204,1.931074,0.0,0.0
4.5,-0.359382,-0.567071,1.776738,1.940761,0.0,0.0
4.6,-0.327851,-0.563225,1.756092,1.948667,0.0,0.0
4.7,-0.29641,-0.560676,1.740477,1.954646,0.0,0.0
4.8,-0.265245,-0.559561,1.730034,1.958541,0.0,0.0
4.9,-0.234538,-0.559913,1.724651,1.959724,0.0,0.0
5.0,-0.204474,-0.561918,1.724818,1.959401,0.0,0.0
5.1,-0.175239,-0.565514,1.730263,1.956943,0.0,0.0
5.2,-0.147028,-0.570654,1.740856,1.952324,0.0,0.0
5.3,-0.120046,-0.577271,1.756475,1.945747,0.0,0.0
5.4,-0.094513,-0.58525,1.77691,1.937361,0.0,0.0
5.5,-0.070666,-0.594434,1.801876,1.927294,0.0,0.0
5.6,-0.048764,-0.60464,1.831061,1.915727,0.0,0.0
5.7,-0.02909,-0.615653,1.86411,1.902861,0.0,0.0
5.8,-0.011956,-0.627237,1.900637,1.8889,0.0,0.0
5.9,0.002296,-0.639131,1.940224,1.87405,0.0,0.0
6.0,0.013288,-0.65106,1.982429,1.858521,0.0,0.0
6.1,0.020612,-0.662733,2.026783,1.842515,0.0,0.0
6.2,0.023823,-0.673852,2.072789,1.826231,0.0,0.0
6.3,0.022452,-0.684117,2.119918,1.809868,0.0,0.0
6.4,0.01602,-0.693237,2.167604,1.793621,0.0,0.0
6.5,0.004054,-0.700948,2.215231,1.777689,0.0,0.0
6.6,-0.013867,-0.707033,2.262124,1.762278,0.0,0.0
6.7,-0.038066,-0.711358,2.307534,1.747602,0.0,0.0
6.8,-0.068689,-0.713911,2.35063,1.733889,0.0,0.0
6.9,-0.105613,-0.714848,2.390493,1.721379,0.0,0.0
7.0,-0.148352,-0.714536,2.426121,1.710327,0.0,0.0
7.1,-0.195969,-0.713561,2.456466,1.700993,0.0,0.0
7.2,-0.247048,-0.712688,2.480488,1.69363,0.0,0.0
7.3,-0.299738,-0.712736,2.497261,1.688463,0.0,0.0
7.4,-0.351919,-0.714393,2.506084,1.685659,0.0,0.0
7.5,-0.401441,-0.718014,2.506604,1.685304,0.0,0.0
7.6,-0.446396,-0.723499,2.49888,1.687383,0.0,0.0
7.7,-0.485333,-0.730318,2.483373,1.691785,0.0,0.0
7.8,-0.51736,-0.737666,2.460875,1.698313,0.0,0.0
7.9,-0.542131,-0.744676,2.432379,1.706714,0.0,0.0
8.0,-0.559748,-0.7506,2.398965,1.716709,0.0,0.0
8.1,-0.570623,-0.754908,2.361708,1.728019,0.0,0.0
8.2,-0.575355,-0.757313,2.321617,1.740377,0.0,0.0
8.3,-0.57462,-0.757742,2.279609,1.753534,0.0,0.0
8.4,-0.569107,-0.756281,2.2365,1.767256,0.0,0.0
8.5,-0.559474,-0.753132,2.193018,1.781326,0.0,0.0
8.6,-0.546324,-0.74856,2.149807,1.795541,0.0,0.0
8.7,-0.530203,-0.742868,2.107443,1.809707,0.0,0.0
8.8,-0.511592,-0.736372,2.066445,1.823638,0.0,0.0
8.9,-0.490918,-0.729386,2.027284,1.837154,0.0,0.0
9.0,-0.468555,-0.722209,1.990388,1.85008,0.0,0.0
9.1,-0.444838,-0.715128,1.956148,1.862244,0.0,0.0
9.2,-0.42006,-0.708403,1.924918,1.87348,0.0,0.0
9.3,-0.394491,-0.702275,1.897017,1.883628,0.0,0.0
9.4,-0.36837,-0.696954,1.872726,1.89254,0.0,0.0
9.5,-0.341922,-0.692626,1.852284,1.900082,0.0,0.0
9.6,-0.315355,-0.689443,1.83588,1.906102,0.0,0.0
9.7,-0.288869,-0.687532,1.823676,1.910537,0.0,0.0
9.8,-0.262653,-0.686983,1.815762,1.913278,0.0,0.0
9.9,-0.236896,-0.687868,1.812229,1.914385,0.0,0.0
10.0,-0.211785,-0.690213,1.813076,1.91384,0.0,0.0
10.1,-0.187511,-0.694011,1.818235,1.911615,0.0,0.0
10.2,-0.164266,-0.69922,1.827575,1.907676,0.0,0.0
10.3,-0.142252,-0.705782,1.840963,1.90215,0.0,0.0
10.4,-0.121679,-0.713612,1.858222,1.895186,0.0,0.0
10.5,-0.102769,-0.722592,1.879105,1.886892,0.0,0.0
10.6,-0.085758,-0.732587,1.90334,1.877415,0.0,0.0
10.7,-0.070892,-0.743442,1.930622,1.866932,0.0,0.0
10.8,-0.058437,-0.754983,1.960598,1.855578,0.0,0.0
10.9,-0.048669,-0.767026,1.992895,1.843521,0.0,0.0
11.0,-0.041878,-0.779374,2.027112,1.830931,0.0,0.0
11.1,-0.03836,-0.791828,2.062819,1.817979,0.0,0.0
11.2,-0.038413,-0.804185,2.099559,1.804839,0.0,0.0
11.3,-0.042323,-0.816246,2.136847,1.791685,0.0,0.0
11.4,-0.050347,-0.827823,2.174162,1.778695,0.0,0.0
11.5,-0.062694,-0.838744,2.210952,1.766046,0.0,0.0
11.6,-0.079491,-0.848867,2.246626,1.753922,0.0,0.0
11.7,-0.100748,-0.858084,2.280557,1.74251,0.0,0.0
11.8,-0.126322,-0.86634,2.312089,1.732,0.0,0.0
11.9,-0.155874,-0.873632,2.340546,1.722584,0.0,0.0
12.0,-0.188843,-0.880012,2.365251,1.714449,0.0,0.0
12.1,-0.224432,-0.885579,2.385561,1.707772,0.0,0.0
12.2,-0.261634,-0.890455,2.400906,1.702706,0.0,0.0
12.3,-0.299283,-0.894754,2.410836,1.699374,0.0,0.0
12.4,-0.336145,-0.898543,2.415065,1.697851,0.0,0.0
12.5,-0.371022,-0.90182,2.413505,1.698157,0.0,0.0
12.6,-0.402858,-0.904507,2.406278,1.700261,0.0,0.0
12.7,-0.430821,-0.906462,2.393701,1.704075,0.0,0.0
12.8,-0.454341,-0.90752,2.376254,1.709463,0.0,0.0
12.9,-0.473112,-0.907525,2.354523,1.716224,0.0,0.0
13.0,-0.487067,-0.906369,2.329175,1.724188,0.0,0.0
13.1,-0.496326,-0.904005,2.300903,1.733167,0.0,0.0
13.2,-0.501146,-0.900458,2.270389,1.742962,0.0,0.0
13.3,-0.501867,-0.895813,2.238288,1.753383,0.0,0.0
13.4,-0.498876,-0.890207,2.205216,1.764241,0.0,0.0
13.5,-0.492579,-0.883813,2.171745,1.775377,0.0,0.0
13.6,-0.483374,-0.876828,2.138394,1.786601,0.0,0.0
13.7,-0.471645,-0.86946,2.10564,1.79775,0.0,0.0
13.8,-0.457752,-0.861921,2.07392,1.808667,0.0,0.0
13.9,-0.44203,-0.854421,2.043629,1.819204,0.0,0.0
14.0,-0.424785,-0.847162,2.015129,1.829217,0.0,0.0
14.1,-0.406303,-0.840333,1.988741,1.838572,0.0,0.0
14.2,-0.386843,-0.834106,1.964746,1.847116,0.0,0.0
14.3,-0.366647,-0.828643,1.943404,1.854755,0.0,0.0
14.4,-0.34594,-0.824083,1.924932,1.861384,0.0,0.0
14.5,-0.324932,-0.820546,1.909513,1.866917,0.0,0.0
14.6,-0.303824,-0.818131,1.897282,1.871264,0.0,0.0
14.7,-0.282806,-0.816923,1.88837,1.874447,0.0,0.0
14.8,-0.262064,-0.81697,1.88281,1.87635,0.0,0.0
14.9,-0.241777,-0.818308,1.880636,1.876992,0.0,0.0
15.0,-0.222126,-0.820944,1.881814,1.876345,0.0,0.0
15.1,-0.203288,-0.824868,1.886284,1.874437,0.0,0.0
15.2,-0.185442,-0.830046,1.893943,1.871311,0.0,0.0
15.3,-0.168768,-0.836423,1.904641,1.867004,0.0,0.0
15.4,-0.15345,-0.843924,1.918184,1.861545,0.0,0.0
15.5,-0.139675,-0.852468,1.934391,1.855116,0.0,0.0
15.6,-0.127632,-0.861952,1.953021,1.847826,0.0,0.0
15.7,-0.117512,-0.872259,1.973803,1.83979,0.0,0.0
15.8,-0.109505,-0.883261,1.996438,1.831137,0.0,0.0
15.9,-0.1038,-0.894822,2.020604,1.821992,0.0,0.0
16.0,-0.100577,-0.906797,2.045957,1.812499,0.0,0.0
16.1,-0.100002,-0.919037,2.072133,1.802797,0.0,0.0
16.2,-0.102222,-0.931389,2.098746,1.793029,0.0,0.0
16.3,-0.107348,-0.943699,2.125394,1.783337,0.0,0.0
16.4,-0.115451,-0.955813,2.151659,1.773864,0.0,0.0
16.5,-0.126543,-0.967583,2.177112,1.764753,0.0,0.0
16.6,-0.140561,-0.978863,2.201316,1.756146,0.0,0.0
16.7,-0.157358,-0.989518,2.223836,1.748181,0.0,0.0
16.8,-0.176686,-0.999423,2.244243,1.74099,0.0,0.0
16.9,-0.198192,-1.008463,2.262131,1.734696,0.0,0.0
17.0,-0.221419,-1.016537,2.27713,1.729415,0.0,0.0
17.1,-0.245818,-1.023557,2.288917,1.725239,0.0,0.0
17.2,-0.270767,-1.029451,2.297243,1.72224,0.0,0.0
17.3,-0.295606,-1.03416,2.301936,1.720468,0.0,0.0
17.4,-0.319676,-1.037642,2.302922,1.719941,0.0,0.0
17.5,-0.342356,-1.03987,2.300226,1.720668,0.0,0.0
17.6,-0.363101,-1.04084,2.293964,1.722594,0.0,0.0
17.7,-0.38147,-1.040569,2.284343,1.725656,0.0,0.0
17.8,-0.397137,-1.039098,2.271648,1.729767,0.0,0.0
17.9,-0.409897,-1.036495,2.256223,1.734822,0.0,0.0
18.0,-0.419657,-1.032852,2.238451,1.740702,0.0,0.0
18.1,-0.426424,-1.028283,2.218742,1.747279,0.0,0.0
18.2,-0.430282,-1.022916,2.197491,1.754342,0.0,0.0
18.3,-0.431377,-1.016903,2.175141,1.761834,0.0,0.0
18.4,-0.429898,-1.0104,2.152099,1.769621,0.0,0.0
18.5,-0.426062,-1.00357,2.128758,1.777572,0.0,0.0
18.6,-0.4201,-0.996573,2.105485,1.785561,0.0,0.0
18.7,-0.41225,-0.989571,2.082628,1.793463,0.0,0.0
18.8,-0.40275,-0.982718,2.060505,1.801163,0.0,0.0
18.9,-0.391832,-0.97616,2.039409,1.80855,0.0,0.0
19.0,-0.379721,-0.970034,2.019605,1.81552,0.0,0.0
19.1,-0.366632,-0.964467,2.001329,1.821977,0.0,0.0
19.2,-0.352772,-0.959571,1.984787,1.827834,0.0,0.0
19.3,-0.338336,-0.955446,1.970156,1.833011,0.0,0.0
19.4,-0.323513,-0.952186,1.957612,1.837533,0.0,0.0
19.5,-0.308481,-0.949855,1.947243,1.841257,0.0,0.0
19.6,-0.293412,-0.948508,1.939132,1.844141,0.0,0.0
19.7,-0.278472,-0.948186,1.933332,1.846155,0.0,0.0
19.8,-0.26382,-0.948912,1.929863,1.847286,0.0,0.0
19.9,-0.249611,-0.950696,1.928716,1.847533,0.0,0.0
20.0,-0.235996,-0.953531,1.92985,1.84691,0.0,0.0
20.1,-0.22312,-0.957395,1.933193,1.845446,0.0,0.0
20.2,-0.211127,-0.962252,1.938647,1.843177,0.0,0.0
20.3,-0.200155,-0.968054,1.946085,1.840159,0.0,0.0
20.4,-0.190336,-0.974738,1.955355,1.836456,0.0,0.0
20.5,-0.1818,-0.982231,1.966281,1.832139,0.0,0.0
20.6,-0.174666,-0.990447,1.978668,1.82729,0.0,0.0
20.7,-0.169045,-0.999294,1.9923,1.821995,0.0,0.0
20.8,-0.165039,-1.008669,2.006944,1.816348,0.0,0.0
20.9,-0.162731,-1.018461,2.022356,1.810443,0.0,0.0
21.0,-0.16219,-1.028555,2.038277,1.80438,0.0,0.0
21.1,-0.163457,-1.038829,2.054442,1.798258,0.0,0.0
21.2,-0.166552,-1.049159,2.070581,1.792175,0.0,0.0
21.3,-0.17146,-1.059416,2.086422,1.78623,0.0,0.0
21.4,-0.17813,-1.069472,2.101696,1.780517,0.0,0.0
21.5,-0.186471,-1.079199,2.116139,1.775127,0.0,0.0
21.6,-0.196353,-1.088471,2.1295,1.770147,0.0,0.0
21.7,-0.207599,-1.09717,2.141548,1.765653,0.0,0.0
21.8,-0.219993,-1.105181,2.152069,1.761717,0.0,0.0
21.9,-0.233281,-1.112405,2.160882,1.758399,0.0,0.0
22.0,-0.247177,-1.118752,2.167837,1.755748,0.0,0.0
22.1,-0.261377,-1.12415,2.172822,1.753798,0.0,0.0
22.2,-0.275565,-1.128547,2.175766,1.752574,0.0,0.0
22.3,-0.289428,-1.131911,2.176644,1.752082,0.0,0.0
22.4,-0.302669,-1.134231,2.175472,1.752318,0.0,0.0
22.5,-0.315018,-1.135522,2.172309,1.75326,0.0,0.0
22.6,-0.326243,-1.135818,2.167257,1.754875,0.0,0.0
22.7,-0.336153,-1.135175,2.160449,1.757118,0.0,0.0
22.8,-0.344604,-1.133668,2.152052,1.759933,0.0,0.0
22.9,-0.351501,-1.131388,2.142256,1.763257,0.0,0.0
23.0,-0.356793,-1.128437,2.131271,1.767019,0.0,0.0
23.1,-0.36047,-1.124928,2.119317,1.771143,0.0,0.0
23.2,-0.362563,-1.120978,2.106623,1.775552,0.0,0.0
23.3,-0.363128,-1.116707,2.093417,1.780165,0.0,0.0
23.4,-0.36225,-1.112235,2.079925,1.784902,0.0,0.0
23.5,-0.360032,-1.107681,2.066367,1.789685,0.0,0.0
23.6,-0.356592,-1.103158,2.052951,1.794438,0.0,0.0
23.7,-0.352057,-1.098773,2.039874,1.799088,0.0,0.0
23.8,-0.346562,-1.094625,2.027314,1.803566,0.0,0.0
23.9,-0.340243,-1.090806,2.015437,1.807811,0.0,0.0
24.0,-0.333238,-1.087397,2.004386,1.811764,0.0,0.0
24.1,-0.325686,-1.08447,1.994288,1.815375,0.0,0.0
24.2,-0.317722,-1.082086,1.985248,1.818601,0.0,0.0
24.3,-0.309477,-1.080296,1.977348,1.821404,0.0,0.0
24.4,-0.301079,-1.079137,1.970653,1.823759,0.0,0.0
24.5,-0.292652,-1.078639,1.965205,1.825644,0.0,0.0
24.6,-0.284314,-1.078819,1.961023,1.82705,0.0,0.0
24.7,-0.276177,-1.079681,1.958108,1.827972,0.0,0.0
24.8,-0.268348,-1.081223,1.956439,1.828418,0.0,0.0
24.9,-0.260925,-1.083429,1.955979,1.828402,0.0,0.0
25.0,-0.254002,-1.086275,1.956669,1.827945,0.0,0.0
25.1,-0.247663,-1.089726,1.958434,1.827071,0.0,0.0
25.2,-0.241984,-1.09374,1.961187,1.825819,0.0,0.0
25.3,-0.237032,-1.098268,1.964826,1.824229,0.0,0.0
25.4,-0.232862,-1.103251,1.969235,1.822346,0.0,0.0
25.5,-0.229521,-1.108626,1.974291,1.820218,0.0,0.0
25.6,-0.22704,-1.114324,1.979864,1.817895,0.0,0.0
25.7,-0.225438,-1.120272,1.985816,1.815433,0.0,0.0
25.8,-0.224722,-1.126395,1.992011,1.812883,0.0,0.0
25.9,-0.22488,-1.132615,1.998306,1.8103,0.0,0.0
26.0,-0.225889,-1.138853,2.004567,1.807733,0.0,0.0
26.1,-0.227706,-1.145032,2.01066,1.805235,0.0,0.0
26.2,-0.230276,-1.151077,2.016459,1.802852,0.0,0.0
26.3,-0.233528,-1.156917,2.021849,1.800626,0.0,0.0
26.4,-0.237376,-1.162484,2.026724,1.798596,0.0,0.0
26.5,-0.241726,-1.16772,2.030994,1.796796,0.0,0.0
26.6,-0.246471,-1.172571,2.034581,1.795255,0.0,0.0
26.7,-0.251499,-1.176996,2.037427,1.793993,0.0,0.0
26.8,-0.256694,-1.180961,2.039489,1.793027,0.0,0.0
26.9,-0.261939,-1.184443,2.040741,1.792365,0.0,0.0
27.0,-0.267122,-1.187432,2.041177,1.792009,0.0,0.0
27.1,-0.272135,-1.189928,2.04081,1.791958,0.0,0.0
27.2,-0.27688,-1.191942,2.039665,1.7922,0.0,0.0
27.3,-0.28127,-1.193495,2.037785,1.792718,0.0,0.0
27.4,-0.285233,-1.194619,2.035228,1.793491,0.0,0.0
27.5,-0.288709,-1.195352,2.032062,1.794495,0.0,0.0
27.6,-0.291658,-1.195742,2.028365,1.795701,0.0,0.0
27.7,-0.29405,-1.19584,2.024224,1.797077,0.0,0.0
27.8,-0.295877,-1.195702,2.01973,1.798589,0.0,0.0
27.9,-0.29714,-1.195387,2.014976,1.800202,0.0,0.0
28.0,-0.297857,-1.194953,2.010058,1.80188,0.0,0.0
28.1,-0.298056,-1.19446,2.005066,1.80359,0.0,0.0
28.2,-0.297777,-1.193963,2.000091,1.805297,0.0,0.0
28.3,-0.297068,-1.193517,1.995216,1.806969,0.0,0.0
28.4,-0.295985,-1.19317,1.990516,1.808577,0.0,0.0
28.5,-0.294588,-1.192965,1.986059,1.810095,0.0,0.0
28.6,-0.292942,-1.192941,1.981902,1.8115,0.0,0.0
28.7,-0.291113,-1.193128,1.978092,1.812774,0.0,0.0
28.8,-0.289169,-1.193551,1.974663,1.813903,0.0,0.0
28.9,-0.287177,-1.194225,1.971638,1.814878,0.0,0.0
29.0,-0.285203,-1.19516,1.969029,1.815693,0.0,0.0
29.1,-0.283306,-1.196357,1.966835,1.816348,0.0,0.0
29.2,-0.281544,-1.19781,1.965042,1.816849,0.0,0.0
29.3,-0.27997,-1.199506,1.963627,1.817203,0.0,0.0
29.4,-0.278627,-1.201425,1.962556,1.817424,0.0,0.0
29.5,-0.277553,-1.20354,1.961786,1.817528,0.0,0.0
29.6,-0.276776,-1.205819,1.961264,1.817536,0.0,0.0
29.7,-0.276317,-1.208225,1.960933,1.817469,0.0,0.0
29.8,-0.276185,-1.210718,1.960729,1.817353,0.0,0.0
29.9,-0.27638,-1.213253,1.960584,1.817214,0.0,0.0
